Informations,Latitude,Longitude
Numéro de vélo : 353621072289818 ; Date : 20/05/2016 10:16:22 ; Vitesse : 0.633707 km/h,48.6749,6.18014,
Numéro de vélo : 353621072289818 ; Date : 20/05/2016 10:16:23 ; Vitesse : 0.633707 km/h,48.6749,6.18014,
Numéro de vélo : 353621072289818 ; Date : 20/05/2016 10:16:31 ; Vitesse : 14.8584 km/h,48.6748,6.18036,
Numéro de vélo : 353621072289818 ; Date : 20/05/2016 10:16:31 ; Vitesse : 14.8584 km/h,48.6748,6.18036,
Numéro de vélo : 353621072289818 ; Date : 20/05/2016 10:16:36 ; Vitesse : 25.2625 km/h,48.6747,6.18064,
Numéro de vélo : 353621072289818 ; Date : 20/05/2016 10:16:37 ; Vitesse : 25.2625 km/h,48.6747,6.18064,
Numéro de vélo : 353621072289818 ; Date : 20/05/2016 10:16:39 ; Vitesse : 30.2029 km/h,48.6746,6.18097,
Numéro de vélo : 353621072289818 ; Date : 20/05/2016 10:16:40 ; Vitesse : 30.2029 km/h,48.6746,6.18097,
Numéro de vélo : 353621072289818 ; Date : 20/05/2016 10:16:43 ; Vitesse : 31.9612 km/h,48.6745,6.18131,
Numéro de vélo : 353621072289818 ; Date : 20/05/2016 10:16:43 ; Vitesse : 31.9612 km/h,48.6745,6.18131,
Numéro de vélo : 353621072289818 ; Date : 20/05/2016 10:16:44 ; Vitesse : 38.344 km/h,48.6744,6.18157,
Numéro de vélo : 353621072289818 ; Date : 20/05/2016 10:16:45 ; Vitesse : 38.344 km/h,48.6744,6.18157,
Numéro de vélo : 353621072289818 ; Date : 20/05/2016 10:16:48 ; Vitesse : 40.8032 km/h,48.6741,6.1819,
Numéro de vélo : 353621072289818 ; Date : 20/05/2016 10:16:48 ; Vitesse : 40.8032 km/h,48.6741,6.1819,
Numéro de vélo : 353621072289818 ; Date : 20/05/2016 10:16:49 ; Vitesse : 33.5703 km/h,48.6741,6.18215,
Numéro de vélo : 353621072289818 ; Date : 20/05/2016 10:16:49 ; Vitesse : 33.5703 km/h,48.6741,6.18215,
Numéro de vélo : 353621072289818 ; Date : 20/05/2016 10:16:51 ; Vitesse : 13.9531 km/h,48.6739,6.1824,
Numéro de vélo : 353621072289818 ; Date : 20/05/2016 10:16:51 ; Vitesse : 13.9531 km/h,48.6739,6.1824,
Numéro de vélo : 353621072289818 ; Date : 20/05/2016 10:17:31 ; Vitesse : 20.5651 km/h,48.6739,6.18269,
Numéro de vélo : 353621072289818 ; Date : 20/05/2016 10:17:32 ; Vitesse : 20.5651 km/h,48.6739,6.18269,
Numéro de vélo : 353621072289818 ; Date : 20/05/2016 10:17:34 ; Vitesse : 33.8464 km/h,48.6738,6.18293,
Numéro de vélo : 353621072289818 ; Date : 20/05/2016 10:17:34 ; Vitesse : 33.8464 km/h,48.6738,6.18293,
Numéro de vélo : 353621072289818 ; Date : 20/05/2016 10:17:36 ; Vitesse : 38.6894 km/h,48.6737,6.18315,
Numéro de vélo : 353621072289818 ; Date : 20/05/2016 10:17:36 ; Vitesse : 38.6894 km/h,48.6737,6.18315,
Numéro de vélo : 353621072289818 ; Date : 20/05/2016 10:17:38 ; Vitesse : 45.4411 km/h,48.6735,6.1834,
Numéro de vélo : 353621072289818 ; Date : 20/05/2016 10:17:38 ; Vitesse : 45.4411 km/h,48.6735,6.1834,
Numéro de vélo : 353621072289818 ; Date : 20/05/2016 10:17:40 ; Vitesse : 51.7283 km/h,48.6733,6.18366,
Numéro de vélo : 353621072289818 ; Date : 20/05/2016 10:17:41 ; Vitesse : 51.7283 km/h,48.6733,6.18366,
Numéro de vélo : 353621072289818 ; Date : 20/05/2016 10:17:43 ; Vitesse : 54.5139 km/h,48.6731,6.18392,
Numéro de vélo : 353621072289818 ; Date : 20/05/2016 10:17:43 ; Vitesse : 54.5139 km/h,48.6731,6.18392,
Numéro de vélo : 353621072289818 ; Date : 20/05/2016 10:17:44 ; Vitesse : 57.1755 km/h,48.6728,6.18419,
Numéro de vélo : 353621072289818 ; Date : 20/05/2016 10:17:44 ; Vitesse : 57.1755 km/h,48.6728,6.18419,
Numéro de vélo : 353621072289818 ; Date : 20/05/2016 10:17:46 ; Vitesse : 61.4005 km/h,48.6726,6.18447,
Numéro de vélo : 353621072289818 ; Date : 20/05/2016 10:17:47 ; Vitesse : 61.4005 km/h,48.6726,6.18447,
Numéro de vélo : 353621072289818 ; Date : 20/05/2016 10:17:49 ; Vitesse : 64.4979 km/h,48.6724,6.18477,
Numéro de vélo : 353621072289818 ; Date : 20/05/2016 10:17:49 ; Vitesse : 64.4979 km/h,48.6724,6.18477,
Numéro de vélo : 353621072289818 ; Date : 20/05/2016 10:17:51 ; Vitesse : 67.7813 km/h,48.6721,6.18509,
Numéro de vélo : 353621072289818 ; Date : 20/05/2016 10:17:51 ; Vitesse : 67.7813 km/h,48.6721,6.18509,
Numéro de vélo : 353621072289818 ; Date : 20/05/2016 10:17:52 ; Vitesse : 69.3069 km/h,48.6718,6.18541,
Numéro de vélo : 353621072289818 ; Date : 20/05/2016 10:17:52 ; Vitesse : 69.3069 km/h,48.6718,6.18541,
Numéro de vélo : 353621072289818 ; Date : 20/05/2016 10:17:54 ; Vitesse : 69.9717 km/h,48.6716,6.18574,
Numéro de vélo : 353621072289818 ; Date : 20/05/2016 10:17:54 ; Vitesse : 69.9717 km/h,48.6716,6.18574,
Numéro de vélo : 353621072289818 ; Date : 20/05/2016 10:17:56 ; Vitesse : 68.3498 km/h,48.6713,6.18607,
Numéro de vélo : 353621072289818 ; Date : 20/05/2016 10:17:56 ; Vitesse : 68.3498 km/h,48.6713,6.18607,
Numéro de vélo : 353621072289818 ; Date : 20/05/2016 10:17:58 ; Vitesse : 67.9363 km/h,48.6711,6.18641,
Numéro de vélo : 353621072289818 ; Date : 20/05/2016 10:17:58 ; Vitesse : 67.9363 km/h,48.6711,6.18641,
Numéro de vélo : 353621072289818 ; Date : 20/05/2016 10:18:01 ; Vitesse : 70.1939 km/h,48.6708,6.18674,
Numéro de vélo : 353621072289818 ; Date : 20/05/2016 10:18:01 ; Vitesse : 70.1939 km/h,48.6708,6.18674,
Numéro de vélo : 353621072289818 ; Date : 20/05/2016 10:18:02 ; Vitesse : 66.2948 km/h,48.6705,6.18707,
Numéro de vélo : 353621072289818 ; Date : 20/05/2016 10:18:02 ; Vitesse : 66.2948 km/h,48.6705,6.18707,
Numéro de vélo : 353621072289818 ; Date : 20/05/2016 10:18:05 ; Vitesse : 64.5634 km/h,48.6703,6.18739,
Numéro de vélo : 353621072289818 ; Date : 20/05/2016 10:18:05 ; Vitesse : 64.5634 km/h,48.6703,6.18739,
Numéro de vélo : 353621072289818 ; Date : 20/05/2016 10:18:06 ; Vitesse : 62.081 km/h,48.67,6.18769,
Numéro de vélo : 353621072289818 ; Date : 20/05/2016 10:18:06 ; Vitesse : 62.081 km/h,48.67,6.18769,
Numéro de vélo : 353621072289818 ; Date : 20/05/2016 10:18:08 ; Vitesse : 64.1369 km/h,48.6698,6.18797,
Numéro de vélo : 353621072289818 ; Date : 20/05/2016 10:18:08 ; Vitesse : 64.1369 km/h,48.6698,6.18797,
Numéro de vélo : 353621072289818 ; Date : 20/05/2016 10:18:10 ; Vitesse : 60.328 km/h,48.6695,6.18824,
Numéro de vélo : 353621072289818 ; Date : 20/05/2016 10:18:10 ; Vitesse : 60.328 km/h,48.6695,6.18824,
Numéro de vélo : 353621072289818 ; Date : 20/05/2016 10:18:12 ; Vitesse : 58.7951 km/h,48.6693,6.1885,
Numéro de vélo : 353621072289818 ; Date : 20/05/2016 10:18:13 ; Vitesse : 58.7951 km/h,48.6693,6.1885,
Numéro de vélo : 353621072289818 ; Date : 20/05/2016 10:18:14 ; Vitesse : 60.4858 km/h,48.669,6.18874,
Numéro de vélo : 353621072289818 ; Date : 20/05/2016 10:18:14 ; Vitesse : 60.4858 km/h,48.669,6.18874,
Numéro de vélo : 353621072289818 ; Date : 20/05/2016 10:18:16 ; Vitesse : 53.2122 km/h,48.6688,6.18895,
Numéro de vélo : 353621072289818 ; Date : 20/05/2016 10:18:16 ; Vitesse : 53.2122 km/h,48.6688,6.18895,
Numéro de vélo : 353621072289818 ; Date : 20/05/2016 10:18:18 ; Vitesse : 41.6972 km/h,48.6686,6.18916,
Numéro de vélo : 353621072289818 ; Date : 20/05/2016 10:18:19 ; Vitesse : 41.6972 km/h,48.6686,6.18916,
Numéro de vélo : 353621072289818 ; Date : 20/05/2016 10:18:20 ; Vitesse : 35.0803 km/h,48.6685,6.18932,
Numéro de vélo : 353621072289818 ; Date : 20/05/2016 10:18:21 ; Vitesse : 35.0803 km/h,48.6685,6.18932,
Numéro de vélo : 353621072289818 ; Date : 20/05/2016 10:18:23 ; Vitesse : 19.0764 km/h,48.6683,6.18946,
Numéro de vélo : 353621072289818 ; Date : 20/05/2016 10:18:24 ; Vitesse : 19.0764 km/h,48.6683,6.18946,
Numéro de vélo : 353621072289818 ; Date : 20/05/2016 10:18:33 ; Vitesse : 19.549 km/h,48.6681,6.18967,
Numéro de vélo : 353621072289818 ; Date : 20/05/2016 10:18:33 ; Vitesse : 19.549 km/h,48.6681,6.18967,
Numéro de vélo : 353621072289818 ; Date : 20/05/2016 10:18:35 ; Vitesse : 21.1379 km/h,48.668,6.18981,
Numéro de vélo : 353621072289818 ; Date : 20/05/2016 10:18:35 ; Vitesse : 21.1379 km/h,48.668,6.18981,
Numéro de vélo : 353621072289818 ; Date : 20/05/2016 10:18:39 ; Vitesse : 30.8724 km/h,48.6677,6.18999,
Numéro de vélo : 353621072289818 ; Date : 20/05/2016 10:18:39 ; Vitesse : 30.8724 km/h,48.6677,6.18999,
Numéro de vélo : 353621072289818 ; Date : 20/05/2016 10:18:40 ; Vitesse : 34.6519 km/h,48.6675,6.19012,
Numéro de vélo : 353621072289818 ; Date : 20/05/2016 10:18:40 ; Vitesse : 34.6519 km/h,48.6675,6.19012,
Numéro de vélo : 353621072289818 ; Date : 20/05/2016 10:18:42 ; Vitesse : 39.008 km/h,48.6674,6.19026,
Numéro de vélo : 353621072289818 ; Date : 20/05/2016 10:18:42 ; Vitesse : 39.008 km/h,48.6674,6.19026,
Numéro de vélo : 353621072289818 ; Date : 20/05/2016 10:18:45 ; Vitesse : 34.6428 km/h,48.6672,6.19039,
Numéro de vélo : 353621072289818 ; Date : 20/05/2016 10:18:45 ; Vitesse : 34.6428 km/h,48.6672,6.19039,
Numéro de vélo : 353621072289818 ; Date : 20/05/2016 10:18:48 ; Vitesse : 40.678 km/h,48.667,6.19067,
Numéro de vélo : 353621072289818 ; Date : 20/05/2016 10:18:48 ; Vitesse : 40.678 km/h,48.667,6.19067,
Numéro de vélo : 353621072289818 ; Date : 20/05/2016 10:18:50 ; Vitesse : 32.9039 km/h,48.6669,6.19103,
Numéro de vélo : 353621072289818 ; Date : 20/05/2016 10:18:51 ; Vitesse : 32.9039 km/h,48.6669,6.19103,
Numéro de vélo : 353621072289818 ; Date : 20/05/2016 10:18:53 ; Vitesse : 31.9213 km/h,48.6671,6.19138,
Numéro de vélo : 353621072289818 ; Date : 20/05/2016 10:18:53 ; Vitesse : 31.9213 km/h,48.6671,6.19138,
Numéro de vélo : 353621072289818 ; Date : 20/05/2016 10:18:56 ; Vitesse : 27.4331 km/h,48.6672,6.19164,
Numéro de vélo : 353621072289818 ; Date : 20/05/2016 10:18:57 ; Vitesse : 27.4331 km/h,48.6672,6.19164,
Numéro de vélo : 353621072289818 ; Date : 20/05/2016 10:18:59 ; Vitesse : 29.3336 km/h,48.6674,6.19185,
Numéro de vélo : 353621072289818 ; Date : 20/05/2016 10:18:59 ; Vitesse : 29.3336 km/h,48.6674,6.19185,
Numéro de vélo : 353621072289818 ; Date : 20/05/2016 10:19:04 ; Vitesse : 11.4725 km/h,48.6676,6.1919,
Numéro de vélo : 353621072289818 ; Date : 20/05/2016 10:19:05 ; Vitesse : 11.4725 km/h,48.6676,6.1919,
Numéro de vélo : 353621072289818 ; Date : 20/05/2016 10:19:17 ; Vitesse : 19.216 km/h,48.6684,6.19187,
Numéro de vélo : 353621072289818 ; Date : 20/05/2016 10:19:17 ; Vitesse : 19.216 km/h,48.6684,6.19187,
Numéro de vélo : 353621072289818 ; Date : 20/05/2016 10:19:19 ; Vitesse : 62.4787 km/h,48.6689,6.19223,
Numéro de vélo : 353621072289818 ; Date : 20/05/2016 10:19:20 ; Vitesse : 62.4787 km/h,48.6689,6.19223,
Numéro de vélo : 353621072289818 ; Date : 20/05/2016 10:19:21 ; Vitesse : 64.0773 km/h,48.6691,6.19229,
Numéro de vélo : 353621072289818 ; Date : 20/05/2016 10:19:21 ; Vitesse : 64.0773 km/h,48.6691,6.19229,
Numéro de vélo : 353621072289818 ; Date : 20/05/2016 10:19:23 ; Vitesse : 64.6189 km/h,48.6693,6.19236,
Numéro de vélo : 353621072289818 ; Date : 20/05/2016 10:19:23 ; Vitesse : 64.6189 km/h,48.6693,6.19236,
Numéro de vélo : 353621072289818 ; Date : 20/05/2016 10:19:25 ; Vitesse : 74.137 km/h,48.6697,6.19239,
Numéro de vélo : 353621072289818 ; Date : 20/05/2016 10:19:25 ; Vitesse : 74.137 km/h,48.6697,6.19239,
Numéro de vélo : 353621072289818 ; Date : 20/05/2016 10:19:25 ; Vitesse : 71.9905 km/h,48.6699,6.19243,
Numéro de vélo : 353621072289818 ; Date : 20/05/2016 10:19:26 ; Vitesse : 71.9905 km/h,48.6699,6.19243,
Numéro de vélo : 353621072289818 ; Date : 20/05/2016 10:19:26 ; Vitesse : 67.3136 km/h,48.6701,6.19252,
Numéro de vélo : 353621072289818 ; Date : 20/05/2016 10:19:26 ; Vitesse : 67.3136 km/h,48.6701,6.19252,
Numéro de vélo : 353621072289818 ; Date : 20/05/2016 10:19:27 ; Vitesse : 67.3136 km/h,48.6702,6.19263,
Numéro de vélo : 353621072289818 ; Date : 20/05/2016 10:19:27 ; Vitesse : 67.3136 km/h,48.6702,6.19263,
Numéro de vélo : 353621072289818 ; Date : 20/05/2016 10:19:28 ; Vitesse : 75.9565 km/h,48.6704,6.19271,
Numéro de vélo : 353621072289818 ; Date : 20/05/2016 10:19:28 ; Vitesse : 75.9565 km/h,48.6704,6.19271,
Numéro de vélo : 353621072289818 ; Date : 20/05/2016 10:19:29 ; Vitesse : 72.5079 km/h,48.6706,6.19281,
Numéro de vélo : 353621072289818 ; Date : 20/05/2016 10:19:29 ; Vitesse : 72.5079 km/h,48.6706,6.19281,
Numéro de vélo : 353621072289818 ; Date : 20/05/2016 10:19:31 ; Vitesse : 72.5079 km/h,48.6708,6.19291,
Numéro de vélo : 353621072289818 ; Date : 20/05/2016 10:19:31 ; Vitesse : 72.5079 km/h,48.6708,6.19291,
Numéro de vélo : 353621072289818 ; Date : 20/05/2016 10:19:32 ; Vitesse : 74.3568 km/h,48.6711,6.19309,
Numéro de vélo : 353621072289818 ; Date : 20/05/2016 10:19:32 ; Vitesse : 74.3568 km/h,48.6711,6.19309,
Numéro de vélo : 353621072289818 ; Date : 20/05/2016 10:19:33 ; Vitesse : 73.7672 km/h,48.6713,6.19318,
Numéro de vélo : 353621072289818 ; Date : 20/05/2016 10:19:33 ; Vitesse : 73.7672 km/h,48.6713,6.19318,
Numéro de vélo : 353621072289818 ; Date : 20/05/2016 10:19:35 ; Vitesse : 76.9166 km/h,48.6716,6.1933,
Numéro de vélo : 353621072289818 ; Date : 20/05/2016 10:19:35 ; Vitesse : 76.9166 km/h,48.6716,6.1933,
Numéro de vélo : 353621072289818 ; Date : 20/05/2016 10:19:36 ; Vitesse : 80.0147 km/h,48.6719,6.19334,
Numéro de vélo : 353621072289818 ; Date : 20/05/2016 10:19:36 ; Vitesse : 80.0147 km/h,48.6719,6.19334,
Numéro de vélo : 353621072289818 ; Date : 20/05/2016 10:19:39 ; Vitesse : 68.4202 km/h,48.6722,6.19358,
Numéro de vélo : 353621072289818 ; Date : 20/05/2016 10:19:39 ; Vitesse : 68.4202 km/h,48.6722,6.19358,
Numéro de vélo : 353621072289818 ; Date : 20/05/2016 10:19:41 ; Vitesse : 75.9464 km/h,48.6725,6.19396,
Numéro de vélo : 353621072289818 ; Date : 20/05/2016 10:19:41 ; Vitesse : 75.9464 km/h,48.6725,6.19396,
Numéro de vélo : 353621072289818 ; Date : 20/05/2016 10:19:41 ; Vitesse : 76.042 km/h,48.6726,6.19419,
Numéro de vélo : 353621072289818 ; Date : 20/05/2016 10:19:41 ; Vitesse : 76.042 km/h,48.6726,6.19419,
Numéro de vélo : 353621072289818 ; Date : 20/05/2016 10:19:42 ; Vitesse : 77.4683 km/h,48.6727,6.19444,
Numéro de vélo : 353621072289818 ; Date : 20/05/2016 10:19:42 ; Vitesse : 77.4683 km/h,48.6727,6.19444,
Numéro de vélo : 353621072289818 ; Date : 20/05/2016 10:19:43 ; Vitesse : 78.6472 km/h,48.6729,6.19468,
Numéro de vélo : 353621072289818 ; Date : 20/05/2016 10:19:43 ; Vitesse : 78.6472 km/h,48.6729,6.19468,
Numéro de vélo : 353621072289818 ; Date : 20/05/2016 10:19:44 ; Vitesse : 78.2369 km/h,48.673,6.19492,
Numéro de vélo : 353621072289818 ; Date : 20/05/2016 10:19:44 ; Vitesse : 78.2369 km/h,48.673,6.19492,
Numéro de vélo : 353621072289818 ; Date : 20/05/2016 10:19:45 ; Vitesse : 77.4799 km/h,48.6731,6.19516,
Numéro de vélo : 353621072289818 ; Date : 20/05/2016 10:19:45 ; Vitesse : 77.4799 km/h,48.6731,6.19516,
Numéro de vélo : 353621072289818 ; Date : 20/05/2016 10:19:46 ; Vitesse : 76.2832 km/h,48.6732,6.1954,
Numéro de vélo : 353621072289818 ; Date : 20/05/2016 10:19:46 ; Vitesse : 76.2832 km/h,48.6732,6.1954,
Numéro de vélo : 353621072289818 ; Date : 20/05/2016 10:19:47 ; Vitesse : 76.2832 km/h,48.6733,6.19569,
Numéro de vélo : 353621072289818 ; Date : 20/05/2016 10:19:47 ; Vitesse : 76.2832 km/h,48.6733,6.19569,
Numéro de vélo : 353621072289818 ; Date : 20/05/2016 10:19:48 ; Vitesse : 77.7917 km/h,48.6734,6.19591,
Numéro de vélo : 353621072289818 ; Date : 20/05/2016 10:19:48 ; Vitesse : 77.7917 km/h,48.6734,6.19591,
Numéro de vélo : 353621072289818 ; Date : 20/05/2016 10:19:58 ; Vitesse : 78.3446 km/h,48.6748,6.19782,
Numéro de vélo : 353621072289818 ; Date : 20/05/2016 10:19:58 ; Vitesse : 78.3446 km/h,48.6748,6.19782,
Numéro de vélo : 353621072289818 ; Date : 20/05/2016 10:19:59 ; Vitesse : 76.0387 km/h,48.6749,6.19815,
Numéro de vélo : 353621072289818 ; Date : 20/05/2016 10:19:59 ; Vitesse : 76.0387 km/h,48.6749,6.19815,
Numéro de vélo : 353621072289818 ; Date : 20/05/2016 10:20:01 ; Vitesse : 75.412 km/h,48.6751,6.19862,
Numéro de vélo : 353621072289818 ; Date : 20/05/2016 10:20:01 ; Vitesse : 75.412 km/h,48.6751,6.19862,
Numéro de vélo : 353621072289818 ; Date : 20/05/2016 10:20:02 ; Vitesse : 75.7486 km/h,48.6752,6.19888,
Numéro de vélo : 353621072289818 ; Date : 20/05/2016 10:20:03 ; Vitesse : 75.7486 km/h,48.6752,6.19888,
Numéro de vélo : 353621072289818 ; Date : 20/05/2016 10:20:03 ; Vitesse : 73.7602 km/h,48.6753,6.19909,
Numéro de vélo : 353621072289818 ; Date : 20/05/2016 10:20:03 ; Vitesse : 73.7602 km/h,48.6753,6.19909,
Numéro de vélo : 353621072289818 ; Date : 20/05/2016 10:20:04 ; Vitesse : 74.1789 km/h,48.6754,6.19929,
Numéro de vélo : 353621072289818 ; Date : 20/05/2016 10:20:05 ; Vitesse : 74.1789 km/h,48.6754,6.19929,
Numéro de vélo : 353621072289818 ; Date : 20/05/2016 10:20:05 ; Vitesse : 74.9658 km/h,48.6756,6.19951,
Numéro de vélo : 353621072289818 ; Date : 20/05/2016 10:20:05 ; Vitesse : 74.9658 km/h,48.6756,6.19951,
Numéro de vélo : 353621072289818 ; Date : 20/05/2016 10:20:07 ; Vitesse : 74.9658 km/h,48.6757,6.19971,
Numéro de vélo : 353621072289818 ; Date : 20/05/2016 10:20:07 ; Vitesse : 74.9658 km/h,48.6757,6.19971,
Numéro de vélo : 353621072289818 ; Date : 20/05/2016 10:20:07 ; Vitesse : 73.5919 km/h,48.6758,6.19991,
Numéro de vélo : 353621072289818 ; Date : 20/05/2016 10:20:07 ; Vitesse : 73.5919 km/h,48.6758,6.19991,
Numéro de vélo : 353621072289818 ; Date : 20/05/2016 10:20:09 ; Vitesse : 70.1709 km/h,48.676,6.20032,
Numéro de vélo : 353621072289818 ; Date : 20/05/2016 10:20:09 ; Vitesse : 70.1709 km/h,48.676,6.20032,
Numéro de vélo : 353621072289818 ; Date : 20/05/2016 10:20:11 ; Vitesse : 70.9444 km/h,48.6762,6.20076,
Numéro de vélo : 353621072289818 ; Date : 20/05/2016 10:20:12 ; Vitesse : 70.9444 km/h,48.6762,6.20076,
Numéro de vélo : 353621072289818 ; Date : 20/05/2016 10:20:13 ; Vitesse : 68.473 km/h,48.6763,6.20123,
Numéro de vélo : 353621072289818 ; Date : 20/05/2016 10:20:13 ; Vitesse : 68.473 km/h,48.6763,6.20123,
Numéro de vélo : 353621072289818 ; Date : 20/05/2016 10:20:15 ; Vitesse : 66.3361 km/h,48.6765,6.20168,
Numéro de vélo : 353621072289818 ; Date : 20/05/2016 10:20:15 ; Vitesse : 66.3361 km/h,48.6765,6.20168,
Numéro de vélo : 353621072289818 ; Date : 20/05/2016 10:20:17 ; Vitesse : 65.6348 km/h,48.6766,6.20215,
Numéro de vélo : 353621072289818 ; Date : 20/05/2016 10:20:18 ; Vitesse : 65.6348 km/h,48.6766,6.20215,
Numéro de vélo : 353621072289818 ; Date : 20/05/2016 10:20:19 ; Vitesse : 64.9521 km/h,48.6767,6.20263,
Numéro de vélo : 353621072289818 ; Date : 20/05/2016 10:20:19 ; Vitesse : 64.9521 km/h,48.6767,6.20263,
Numéro de vélo : 353621072289818 ; Date : 20/05/2016 10:20:21 ; Vitesse : 64.3084 km/h,48.6767,6.20313,
Numéro de vélo : 353621072289818 ; Date : 20/05/2016 10:20:21 ; Vitesse : 64.3084 km/h,48.6767,6.20313,
Numéro de vélo : 353621072289818 ; Date : 20/05/2016 10:20:23 ; Vitesse : 58.5444 km/h,48.6768,6.20358,
Numéro de vélo : 353621072289818 ; Date : 20/05/2016 10:20:23 ; Vitesse : 58.5444 km/h,48.6768,6.20358,
Numéro de vélo : 353621072289818 ; Date : 20/05/2016 10:20:25 ; Vitesse : 53.5461 km/h,48.6768,6.20398,
Numéro de vélo : 353621072289818 ; Date : 20/05/2016 10:20:25 ; Vitesse : 53.5461 km/h,48.6768,6.20398,
Numéro de vélo : 353621072289818 ; Date : 20/05/2016 10:20:27 ; Vitesse : 48.6621 km/h,48.6768,6.20436,
Numéro de vélo : 353621072289818 ; Date : 20/05/2016 10:20:27 ; Vitesse : 48.6621 km/h,48.6768,6.20436,
Numéro de vélo : 353621072289818 ; Date : 20/05/2016 10:20:29 ; Vitesse : 44.08 km/h,48.6768,6.20468,
Numéro de vélo : 353621072289818 ; Date : 20/05/2016 10:20:29 ; Vitesse : 44.08 km/h,48.6768,6.20468,
Numéro de vélo : 353621072289818 ; Date : 20/05/2016 10:20:32 ; Vitesse : 33.0983 km/h,48.6768,6.20506,
Numéro de vélo : 353621072289818 ; Date : 20/05/2016 10:20:32 ; Vitesse : 33.0983 km/h,48.6768,6.20506,
Numéro de vélo : 353621072289818 ; Date : 20/05/2016 10:20:37 ; Vitesse : 18.0698 km/h,48.6768,6.20536,
Numéro de vélo : 353621072289818 ; Date : 20/05/2016 10:20:37 ; Vitesse : 18.0698 km/h,48.6768,6.20536,
Numéro de vélo : 353621072289818 ; Date : 20/05/2016 10:20:40 ; Vitesse : 31.0814 km/h,48.6766,6.20552,
Numéro de vélo : 353621072289818 ; Date : 20/05/2016 10:20:41 ; Vitesse : 31.0814 km/h,48.6766,6.20552,
Numéro de vélo : 353621072289818 ; Date : 20/05/2016 10:20:43 ; Vitesse : 37.5752 km/h,48.6766,6.20591,
Numéro de vélo : 353621072289818 ; Date : 20/05/2016 10:20:43 ; Vitesse : 37.5752 km/h,48.6766,6.20591,
Numéro de vélo : 353621072289818 ; Date : 20/05/2016 10:20:45 ; Vitesse : 39.1989 km/h,48.6767,6.2062,
Numéro de vélo : 353621072289818 ; Date : 20/05/2016 10:20:45 ; Vitesse : 39.1989 km/h,48.6767,6.2062,
Numéro de vélo : 353621072289818 ; Date : 20/05/2016 10:20:47 ; Vitesse : 38.2293 km/h,48.6768,6.20645,
Numéro de vélo : 353621072289818 ; Date : 20/05/2016 10:20:47 ; Vitesse : 38.2293 km/h,48.6768,6.20645,
Numéro de vélo : 353621072289818 ; Date : 20/05/2016 10:20:49 ; Vitesse : 40.1102 km/h,48.6769,6.2067,
Numéro de vélo : 353621072289818 ; Date : 20/05/2016 10:20:49 ; Vitesse : 40.1102 km/h,48.6769,6.2067,
Numéro de vélo : 353621072289818 ; Date : 20/05/2016 10:20:51 ; Vitesse : 52.4799 km/h,48.6769,6.20706,
Numéro de vélo : 353621072289818 ; Date : 20/05/2016 10:20:51 ; Vitesse : 52.4799 km/h,48.6769,6.20706,
Numéro de vélo : 353621072289818 ; Date : 20/05/2016 10:20:53 ; Vitesse : 51.1939 km/h,48.677,6.20746,
Numéro de vélo : 353621072289818 ; Date : 20/05/2016 10:20:53 ; Vitesse : 51.1939 km/h,48.677,6.20746,
Numéro de vélo : 353621072289818 ; Date : 20/05/2016 10:20:55 ; Vitesse : 53.8319 km/h,48.6771,6.20785,
Numéro de vélo : 353621072289818 ; Date : 20/05/2016 10:20:55 ; Vitesse : 53.8319 km/h,48.6771,6.20785,
Numéro de vélo : 353621072289818 ; Date : 20/05/2016 10:20:57 ; Vitesse : 54.7572 km/h,48.6771,6.20825,
Numéro de vélo : 353621072289818 ; Date : 20/05/2016 10:20:57 ; Vitesse : 54.7572 km/h,48.6771,6.20825,
Numéro de vélo : 353621072289818 ; Date : 20/05/2016 10:20:59 ; Vitesse : 56.031 km/h,48.6773,6.20862,
Numéro de vélo : 353621072289818 ; Date : 20/05/2016 10:20:59 ; Vitesse : 56.031 km/h,48.6773,6.20862,
Numéro de vélo : 353621072289818 ; Date : 20/05/2016 10:21:02 ; Vitesse : 54.7121 km/h,48.6775,6.20885,
Numéro de vélo : 353621072289818 ; Date : 20/05/2016 10:21:02 ; Vitesse : 54.7121 km/h,48.6775,6.20885,
Numéro de vélo : 353621072289818 ; Date : 20/05/2016 10:21:04 ; Vitesse : 49.2943 km/h,48.6777,6.20886,
Numéro de vélo : 353621072289818 ; Date : 20/05/2016 10:21:04 ; Vitesse : 49.2943 km/h,48.6777,6.20886,
Numéro de vélo : 353621072289818 ; Date : 20/05/2016 10:21:05 ; Vitesse : 41.9399 km/h,48.6779,6.2087,
Numéro de vélo : 353621072289818 ; Date : 20/05/2016 10:21:05 ; Vitesse : 41.9399 km/h,48.6779,6.2087,
Numéro de vélo : 353621072289818 ; Date : 20/05/2016 10:21:07 ; Vitesse : 59.5109 km/h,48.6781,6.20842,
Numéro de vélo : 353621072289818 ; Date : 20/05/2016 10:21:07 ; Vitesse : 59.5109 km/h,48.6781,6.20842,
Numéro de vélo : 353621072289818 ; Date : 20/05/2016 10:21:09 ; Vitesse : 62.1365 km/h,48.6783,6.20815,
Numéro de vélo : 353621072289818 ; Date : 20/05/2016 10:21:09 ; Vitesse : 62.1365 km/h,48.6783,6.20815,
Numéro de vélo : 353621072289818 ; Date : 20/05/2016 10:21:11 ; Vitesse : 64.9496 km/h,48.6786,6.20797,
Numéro de vélo : 353621072289818 ; Date : 20/05/2016 10:21:11 ; Vitesse : 64.9496 km/h,48.6786,6.20797,
Numéro de vélo : 353621072289818 ; Date : 20/05/2016 10:21:13 ; Vitesse : 64.6133 km/h,48.6789,6.20786,
Numéro de vélo : 353621072289818 ; Date : 20/05/2016 10:21:14 ; Vitesse : 64.6133 km/h,48.6789,6.20786,
Numéro de vélo : 353621072289818 ; Date : 20/05/2016 10:21:16 ; Vitesse : 66.059 km/h,48.6793,6.20774,
Numéro de vélo : 353621072289818 ; Date : 20/05/2016 10:21:16 ; Vitesse : 66.059 km/h,48.6793,6.20774,
Numéro de vélo : 353621072289818 ; Date : 20/05/2016 10:21:17 ; Vitesse : 63.2744 km/h,48.6796,6.20763,
Numéro de vélo : 353621072289818 ; Date : 20/05/2016 10:21:17 ; Vitesse : 63.2744 km/h,48.6796,6.20763,
Numéro de vélo : 353621072289818 ; Date : 20/05/2016 10:21:20 ; Vitesse : 62.2646 km/h,48.6799,6.20752,
Numéro de vélo : 353621072289818 ; Date : 20/05/2016 10:21:20 ; Vitesse : 62.2646 km/h,48.6799,6.20752,
Numéro de vélo : 353621072289818 ; Date : 20/05/2016 10:21:21 ; Vitesse : 60.6784 km/h,48.6802,6.20741,
Numéro de vélo : 353621072289818 ; Date : 20/05/2016 10:21:21 ; Vitesse : 60.6784 km/h,48.6802,6.20741,
Numéro de vélo : 353621072289818 ; Date : 20/05/2016 10:21:23 ; Vitesse : 56.3429 km/h,48.6805,6.2073,
Numéro de vélo : 353621072289818 ; Date : 20/05/2016 10:21:23 ; Vitesse : 56.3429 km/h,48.6805,6.2073,
Numéro de vélo : 353621072289818 ; Date : 20/05/2016 10:21:25 ; Vitesse : 43.9909 km/h,48.6807,6.20721,
Numéro de vélo : 353621072289818 ; Date : 20/05/2016 10:21:25 ; Vitesse : 43.9909 km/h,48.6807,6.20721,
Numéro de vélo : 353621072289818 ; Date : 20/05/2016 10:21:27 ; Vitesse : 45.7171 km/h,48.681,6.20712,
Numéro de vélo : 353621072289818 ; Date : 20/05/2016 10:21:28 ; Vitesse : 45.7171 km/h,48.681,6.20712,
Numéro de vélo : 353621072289818 ; Date : 20/05/2016 10:21:29 ; Vitesse : 45.2849 km/h,48.6812,6.20703,
Numéro de vélo : 353621072289818 ; Date : 20/05/2016 10:21:30 ; Vitesse : 45.2849 km/h,48.6812,6.20703,
Numéro de vélo : 353621072289818 ; Date : 20/05/2016 10:21:32 ; Vitesse : 49.7427 km/h,48.6814,6.20695,
Numéro de vélo : 353621072289818 ; Date : 20/05/2016 10:21:32 ; Vitesse : 49.7427 km/h,48.6814,6.20695,
Numéro de vélo : 353621072289818 ; Date : 20/05/2016 10:21:33 ; Vitesse : 51.0836 km/h,48.6817,6.20687,
Numéro de vélo : 353621072289818 ; Date : 20/05/2016 10:21:33 ; Vitesse : 51.0836 km/h,48.6817,6.20687,
Numéro de vélo : 353621072289818 ; Date : 20/05/2016 10:21:35 ; Vitesse : 54.242 km/h,48.6819,6.20678,
Numéro de vélo : 353621072289818 ; Date : 20/05/2016 10:21:35 ; Vitesse : 54.242 km/h,48.6819,6.20678,
Numéro de vélo : 353621072289818 ; Date : 20/05/2016 10:21:37 ; Vitesse : 53.812 km/h,48.6822,6.20669,
Numéro de vélo : 353621072289818 ; Date : 20/05/2016 10:21:38 ; Vitesse : 53.812 km/h,48.6822,6.20669,
Numéro de vélo : 353621072289818 ; Date : 20/05/2016 10:21:39 ; Vitesse : 51.7154 km/h,48.6824,6.20661,
Numéro de vélo : 353621072289818 ; Date : 20/05/2016 10:21:39 ; Vitesse : 51.7154 km/h,48.6824,6.20661,
Numéro de vélo : 353621072289818 ; Date : 20/05/2016 10:21:41 ; Vitesse : 49.5965 km/h,48.6827,6.20653,
Numéro de vélo : 353621072289818 ; Date : 20/05/2016 10:21:41 ; Vitesse : 49.5965 km/h,48.6827,6.20653,
Numéro de vélo : 353621072289818 ; Date : 20/05/2016 10:21:43 ; Vitesse : 51.018 km/h,48.683,6.20645,
Numéro de vélo : 353621072289818 ; Date : 20/05/2016 10:21:43 ; Vitesse : 51.018 km/h,48.683,6.20645,
Numéro de vélo : 353621072289818 ; Date : 20/05/2016 10:21:45 ; Vitesse : 49.6148 km/h,48.6832,6.20638,
Numéro de vélo : 353621072289818 ; Date : 20/05/2016 10:21:45 ; Vitesse : 49.6148 km/h,48.6832,6.20638,
Numéro de vélo : 353621072289818 ; Date : 20/05/2016 10:21:47 ; Vitesse : 49.4884 km/h,48.6835,6.20631,
Numéro de vélo : 353621072289818 ; Date : 20/05/2016 10:21:47 ; Vitesse : 49.4884 km/h,48.6835,6.20631,
Numéro de vélo : 353621072289818 ; Date : 20/05/2016 10:21:49 ; Vitesse : 48.4024 km/h,48.6838,6.20623,
Numéro de vélo : 353621072289818 ; Date : 20/05/2016 10:21:49 ; Vitesse : 48.4024 km/h,48.6838,6.20623,
Numéro de vélo : 353621072289818 ; Date : 20/05/2016 10:21:52 ; Vitesse : 46.8541 km/h,48.684,6.20614,
Numéro de vélo : 353621072289818 ; Date : 20/05/2016 10:21:52 ; Vitesse : 46.8541 km/h,48.684,6.20614,
Numéro de vélo : 353621072289818 ; Date : 20/05/2016 10:21:53 ; Vitesse : 48.3722 km/h,48.6842,6.20606,
Numéro de vélo : 353621072289818 ; Date : 20/05/2016 10:21:54 ; Vitesse : 48.3722 km/h,48.6842,6.20606,
Numéro de vélo : 353621072289818 ; Date : 20/05/2016 10:21:55 ; Vitesse : 50.2067 km/h,48.6845,6.20599,
Numéro de vélo : 353621072289818 ; Date : 20/05/2016 10:21:55 ; Vitesse : 50.2067 km/h,48.6845,6.20599,
Numéro de vélo : 353621072289818 ; Date : 20/05/2016 10:21:57 ; Vitesse : 48.7559 km/h,48.6847,6.20593,
Numéro de vélo : 353621072289818 ; Date : 20/05/2016 10:21:57 ; Vitesse : 48.7559 km/h,48.6847,6.20593,
Numéro de vélo : 353621072289818 ; Date : 20/05/2016 10:21:59 ; Vitesse : 51.0932 km/h,48.685,6.20588,
Numéro de vélo : 353621072289818 ; Date : 20/05/2016 10:22:00 ; Vitesse : 51.0932 km/h,48.685,6.20588,
Numéro de vélo : 353621072289818 ; Date : 20/05/2016 10:22:01 ; Vitesse : 49.8242 km/h,48.6852,6.20587,
Numéro de vélo : 353621072289818 ; Date : 20/05/2016 10:22:02 ; Vitesse : 49.8242 km/h,48.6852,6.20587,
Numéro de vélo : 353621072289818 ; Date : 20/05/2016 10:22:04 ; Vitesse : 50.1012 km/h,48.6855,6.20588,
Numéro de vélo : 353621072289818 ; Date : 20/05/2016 10:22:04 ; Vitesse : 50.1012 km/h,48.6855,6.20588,
Numéro de vélo : 353621072289818 ; Date : 20/05/2016 10:22:06 ; Vitesse : 50.0225 km/h,48.6857,6.20592,
Numéro de vélo : 353621072289818 ; Date : 20/05/2016 10:22:06 ; Vitesse : 50.0225 km/h,48.6857,6.20592,
Numéro de vélo : 353621072289818 ; Date : 20/05/2016 10:22:07 ; Vitesse : 51.7056 km/h,48.686,6.20596,
Numéro de vélo : 353621072289818 ; Date : 20/05/2016 10:22:07 ; Vitesse : 51.7056 km/h,48.686,6.20596,
Numéro de vélo : 353621072289818 ; Date : 20/05/2016 10:22:09 ; Vitesse : 51.103 km/h,48.6862,6.20599,
Numéro de vélo : 353621072289818 ; Date : 20/05/2016 10:22:10 ; Vitesse : 51.103 km/h,48.6862,6.20599,
Numéro de vélo : 353621072289818 ; Date : 20/05/2016 10:22:11 ; Vitesse : 50.2881 km/h,48.6865,6.206,
Numéro de vélo : 353621072289818 ; Date : 20/05/2016 10:22:12 ; Vitesse : 50.2881 km/h,48.6865,6.206,
Numéro de vélo : 353621072289818 ; Date : 20/05/2016 10:22:14 ; Vitesse : 46.6947 km/h,48.6867,6.20596,
Numéro de vélo : 353621072289818 ; Date : 20/05/2016 10:22:14 ; Vitesse : 46.6947 km/h,48.6867,6.20596,
Numéro de vélo : 353621072289818 ; Date : 20/05/2016 10:22:16 ; Vitesse : 45.4291 km/h,48.6869,6.20591,
Numéro de vélo : 353621072289818 ; Date : 20/05/2016 10:22:16 ; Vitesse : 45.4291 km/h,48.6869,6.20591,
Numéro de vélo : 353621072289818 ; Date : 20/05/2016 10:22:18 ; Vitesse : 30.7344 km/h,48.6871,6.20582,
Numéro de vélo : 353621072289818 ; Date : 20/05/2016 10:22:18 ; Vitesse : 30.7344 km/h,48.6871,6.20582,
Numéro de vélo : 353621072289818 ; Date : 20/05/2016 10:22:21 ; Vitesse : 20.8226 km/h,48.6873,6.20576,
Numéro de vélo : 353621072289818 ; Date : 20/05/2016 10:22:21 ; Vitesse : 20.8226 km/h,48.6873,6.20576,
Numéro de vélo : 353621072289818 ; Date : 20/05/2016 10:22:37 ; Vitesse : 0.0 km/h,48.6879,6.20538,
Numéro de vélo : 353621072289818 ; Date : 20/05/2016 10:22:37 ; Vitesse : 5.55492 km/h,48.6875,6.20572,
Numéro de vélo : 353621072289818 ; Date : 20/05/2016 10:22:44 ; Vitesse : 8.34665 km/h,48.6876,6.20575,
Numéro de vélo : 353621072289818 ; Date : 20/05/2016 10:22:49 ; Vitesse : 28.34 km/h,48.6877,6.20568,
Numéro de vélo : 353621072289818 ; Date : 20/05/2016 10:22:49 ; Vitesse : 28.34 km/h,48.6877,6.20568,
Numéro de vélo : 353621072289818 ; Date : 20/05/2016 10:22:52 ; Vitesse : 23.4379 km/h,48.6879,6.20554,
Numéro de vélo : 353621072289818 ; Date : 20/05/2016 10:22:52 ; Vitesse : 23.4379 km/h,48.6879,6.20554,
Numéro de vélo : 353621072289818 ; Date : 20/05/2016 10:23:01 ; Vitesse : 18.3224 km/h,48.6885,6.20434,
Numéro de vélo : 353621072289818 ; Date : 20/05/2016 10:23:02 ; Vitesse : 18.3224 km/h,48.6885,6.20434,
Numéro de vélo : 353621072289818 ; Date : 20/05/2016 10:23:04 ; Vitesse : 24.3137 km/h,48.6886,6.2044,
Numéro de vélo : 353621072289818 ; Date : 20/05/2016 10:23:04 ; Vitesse : 24.3137 km/h,48.6886,6.2044,
Numéro de vélo : 353621072289818 ; Date : 20/05/2016 10:23:07 ; Vitesse : 27.7912 km/h,48.6893,6.20391,
Numéro de vélo : 353621072289818 ; Date : 20/05/2016 10:23:07 ; Vitesse : 27.7912 km/h,48.6893,6.20391,
Numéro de vélo : 353621072289818 ; Date : 20/05/2016 10:23:26 ; Vitesse : 0.0 km/h,48.6898,6.20317,
Numéro de vélo : 353621072289818 ; Date : 20/05/2016 10:23:26 ; Vitesse : 0.0 km/h,48.6898,6.20317,
Numéro de vélo : 353621072289818 ; Date : 20/05/2016 10:23:54 ; Vitesse : 31.5736 km/h,48.6899,6.20296,
Numéro de vélo : 353621072289818 ; Date : 20/05/2016 10:23:54 ; Vitesse : 31.5736 km/h,48.6899,6.20296,
Numéro de vélo : 353621072289818 ; Date : 20/05/2016 10:23:57 ; Vitesse : 46.6693 km/h,48.6903,6.20253,
Numéro de vélo : 353621072289818 ; Date : 20/05/2016 10:23:58 ; Vitesse : 46.6693 km/h,48.6903,6.20253,
Numéro de vélo : 353621072289818 ; Date : 20/05/2016 10:23:59 ; Vitesse : 54.5265 km/h,48.6906,6.20227,
Numéro de vélo : 353621072289818 ; Date : 20/05/2016 10:24:00 ; Vitesse : 54.5265 km/h,48.6906,6.20227,
Numéro de vélo : 353621072289818 ; Date : 20/05/2016 10:24:01 ; Vitesse : 58.0611 km/h,48.6908,6.202,
Numéro de vélo : 353621072289818 ; Date : 20/05/2016 10:24:02 ; Vitesse : 58.0611 km/h,48.6908,6.202,
Numéro de vélo : 353621072289818 ; Date : 20/05/2016 10:24:03 ; Vitesse : 57.202 km/h,48.691,6.20172,
Numéro de vélo : 353621072289818 ; Date : 20/05/2016 10:24:03 ; Vitesse : 57.202 km/h,48.691,6.20172,
Numéro de vélo : 353621072289818 ; Date : 20/05/2016 10:24:07 ; Vitesse : 43.0479 km/h,48.6914,6.20127,
Numéro de vélo : 353621072289818 ; Date : 20/05/2016 10:24:08 ; Vitesse : 43.0479 km/h,48.6914,6.20127,
Numéro de vélo : 353621072289818 ; Date : 20/05/2016 10:24:09 ; Vitesse : 36.9259 km/h,48.6915,6.20106,
Numéro de vélo : 353621072289818 ; Date : 20/05/2016 10:24:09 ; Vitesse : 36.9259 km/h,48.6915,6.20106,
Numéro de vélo : 353621072289818 ; Date : 20/05/2016 10:24:13 ; Vitesse : 13.4554 km/h,48.6917,6.20093,
Numéro de vélo : 353621072289818 ; Date : 20/05/2016 10:24:14 ; Vitesse : 13.4554 km/h,48.6917,6.20093,
Numéro de vélo : 353621072289818 ; Date : 20/05/2016 10:24:18 ; Vitesse : 20.9456 km/h,48.6918,6.20119,
Numéro de vélo : 353621072289818 ; Date : 20/05/2016 10:24:18 ; Vitesse : 20.9456 km/h,48.6918,6.20119,
Numéro de vélo : 353621072289818 ; Date : 20/05/2016 10:24:20 ; Vitesse : 30.267 km/h,48.692,6.20114,
Numéro de vélo : 353621072289818 ; Date : 20/05/2016 10:24:20 ; Vitesse : 30.267 km/h,48.692,6.20114,
Numéro de vélo : 353621072289818 ; Date : 20/05/2016 10:24:23 ; Vitesse : 31.6343 km/h,48.6921,6.20096,
Numéro de vélo : 353621072289818 ; Date : 20/05/2016 10:24:23 ; Vitesse : 31.6343 km/h,48.6921,6.20096,
Numéro de vélo : 353621072289818 ; Date : 20/05/2016 10:24:28 ; Vitesse : 31.5409 km/h,48.6923,6.20077,
Numéro de vélo : 353621072289818 ; Date : 20/05/2016 10:24:29 ; Vitesse : 31.5409 km/h,48.6923,6.20077,
Numéro de vélo : 353621072289818 ; Date : 20/05/2016 10:24:35 ; Vitesse : 11.8431 km/h,48.6925,6.20087,
Numéro de vélo : 353621072289818 ; Date : 20/05/2016 10:24:35 ; Vitesse : 11.8431 km/h,48.6925,6.20087,
Numéro de vélo : 353621072289818 ; Date : 20/05/2016 10:24:43 ; Vitesse : 9.38501 km/h,48.6927,6.20102,
Numéro de vélo : 353621072289818 ; Date : 20/05/2016 10:24:44 ; Vitesse : 9.38501 km/h,48.6927,6.20102,
Numéro de vélo : 353621072289818 ; Date : 20/05/2016 10:27:42 ; Vitesse : 0.0 km/h,48.6917,6.19778,
Numéro de vélo : 353621072289818 ; Date : 20/05/2016 10:27:42 ; Vitesse : 17.6423 km/h,48.6927,6.20102,
Numéro de vélo : 353621072289818 ; Date : 20/05/2016 10:28:09 ; Vitesse : 7.94756 km/h,48.6929,6.20095,
Numéro de vélo : 353621072289818 ; Date : 20/05/2016 10:28:10 ; Vitesse : 7.94756 km/h,48.6929,6.20095,
Numéro de vélo : 353621072289818 ; Date : 20/05/2016 10:28:14 ; Vitesse : 57.7535 km/h,48.6928,6.20123,
Numéro de vélo : 353621072289818 ; Date : 20/05/2016 10:28:14 ; Vitesse : 57.7535 km/h,48.6928,6.20123,
Numéro de vélo : 353621072289818 ; Date : 20/05/2016 10:28:17 ; Vitesse : 0.0 km/h,48.6923,6.20041,
Numéro de vélo : 353621072289818 ; Date : 20/05/2016 10:28:18 ; Vitesse : 59.4971 km/h,48.6928,6.20168,
Numéro de vélo : 353621072289818 ; Date : 20/05/2016 10:28:19 ; Vitesse : 63.5343 km/h,48.6928,6.20185,
Numéro de vélo : 353621072289818 ; Date : 20/05/2016 10:28:30 ; Vitesse : 57.7521 km/h,48.6931,6.20052,
Numéro de vélo : 353621072289818 ; Date : 20/05/2016 10:28:30 ; Vitesse : 57.7521 km/h,48.6931,6.20052,
Numéro de vélo : 353621072289818 ; Date : 20/05/2016 10:28:31 ; Vitesse : 1.71388 km/h,48.693,6.20105,
Numéro de vélo : 353621072289818 ; Date : 20/05/2016 10:28:31 ; Vitesse : 1.71388 km/h,48.693,6.20105,
Numéro de vélo : 353621072289818 ; Date : 20/05/2016 10:29:30 ; Vitesse : 0.0 km/h,48.6928,6.20075,
Numéro de vélo : 353621072289818 ; Date : 20/05/2016 10:29:30 ; Vitesse : 0.0 km/h,48.6928,6.20075,
Numéro de vélo : 353621072289818 ; Date : 20/05/2016 10:30:17 ; Vitesse : 0.0 km/h,48.6917,6.19778,
Numéro de vélo : 353621072289818 ; Date : 20/05/2016 10:30:18 ; Vitesse : 0.0 km/h,48.6928,6.20075,
Numéro de vélo : 353621072289818 ; Date : 20/05/2016 10:30:49 ; Vitesse : 0.0 km/h,48.693,6.20103,
Numéro de vélo : 353621072289818 ; Date : 20/05/2016 10:30:49 ; Vitesse : 0.0 km/h,48.693,6.20103,
Numéro de vélo : 353621072289818 ; Date : 20/05/2016 10:32:17 ; Vitesse : 0.0 km/h,48.6933,6.19998,
Numéro de vélo : 353621072289818 ; Date : 20/05/2016 10:32:18 ; Vitesse : 0.0 km/h,48.693,6.20103,
Numéro de vélo : 353621072289818 ; Date : 20/05/2016 10:34:37 ; Vitesse : 0.0 km/h,48.6932,6.19999,
Numéro de vélo : 353621072289818 ; Date : 20/05/2016 10:34:38 ; Vitesse : 0.0 km/h,48.693,6.20103,
Numéro de vélo : 353621072289818 ; Date : 20/05/2016 10:34:50 ; Vitesse : 0.0 km/h,48.693,6.20103,
